"account_id","id","clone_url","owner_id","secret_id","name"
2,114,ssh://git@gitlab.hostlogic.hu/euronics/hybris.git,2,29,newkey-gitlab-hl
2,11634,git@bitbucket.org:lensa/alfred-support-system.git,2,2149,lensa_tmp
3,742,ssh://git@stash.lensa.com:7999/lfc/mothership.git,3,4,Lensa stash
3,743,ssh://git@stash.lensa.com:7999/lms/node-lensa3.git,3,4,Lensa stash
6,121,git@github.com:dask/dask.git,6,28,sajat
6,122,git@github.com:dask/distributed.git,6,28,sajat
6,229,git@github.com:ibis-project/ibis.git,6,28,sajat
16,460,ssh://git@gitlab.hostlogic.hu/euronics/pricing.git,16,26,newkey-gitlab-hl
16,114,ssh://git@gitlab.hostlogic.hu/euronics/hybris.git,16,26,newkey-gitlab-hl
19,3476,zsolt.gyongyosi@gitlab.dev.e-vista.hu:jofogas/ans-ui.git,19,829,eVista
19,3473,git@gitlab.dev.e-vista.hu:jofogas/ans.git,19,829,eVista
19,3474,git@gitlab.dev.e-vista.hu:jofogas/ans-ui.git,19,829,eVista
19,108,git@github.schibsted.io:scmh/jofogas.git,19,24,JFG
19,3475,zsolt.gyongyosi@gitlab.dev.e-vista.hu:jofogas/ans.git,19,829,eVista
53,459,ssh://battleship-reborn@vs-ssh.visualstudio.com:22/Battleship%20-%20Reborn/_ssh/BattleshipReborn,53,61,github token
54,463,yflippo@bitbucket.org:yflippo/matlabbiostatica.git,54,70,https://yflippo@bitbucket.org/yflippo/matlabbiostatica.git
57,494,prubeski_buildium@bitbucket.org:buildium/buildiumcode.git,57,77,Gitenial
57,493,bitbucket.org/buildium/,57,77,Gitenial
60,507,juliancacrs@bitbucket.org:juliancacrs/titles-rest-api.git,60,81,gitentialjc
70,646,git@bitbucket.org:workgaps/webapp.git,70,104,WorkGaps
125,711,git@bitbucket.org:stevendigitalworld/revopos.emenu.git,124,129,Gitential
125,850,git@bitbucket.org:lirunguo0113/ts.mr.octopus.git,124,129,Gitential
125,712,git@bitbucket.org:stevendigitalworld/revopos.customer.display.git,124,129,Gitential
125,848,git@bitbucket.org:lirunguo0113/io.revopos.teochewcuisine.git,124,129,Gitential
125,710,git@bitbucket.org:stevendigitalworld/revopos.git,124,129,Gitential
125,849,git@bitbucket.org:vampuke/revopos.customer.display.branch.git,124,129,Gitential
126,713,ssh://git@gitlab.com:osd-gpm1/digiforce-qms.git,125,131,gitlabKey
130,714,git@github.com:relivecc/skyhawk-website.git,129,136,github token
137,734,git@gitlab.com:ss-bootcamp/frontend.git,136,148,Gitential
137,730,git@gitlab.com:ss-bootcamp/front-end.git,136,148,Gitential
137,784,git@gitlab.com:shipshopv2/api_shipshop_v2.git,136,148,Gitential
137,731,git@gitlab.com:ss-bootcamp/systemadmin.git,136,148,Gitential
137,785,git@gitlab.com:shipshopv2/shipshopV2.git,136,148,Gitential
151,747,plmetz@gmail.com@208.54.5.242:paul/test.git,149,167,gitlab
151,750,ssh://plmetz@vs-ssh.visualstudio.com:22/_ssh/OdinBar,149,169,vsts
153,751,ssh://dpolanco@vs-ssh.visualstudio.com:22/_ssh/StantecLens,151,171,Gitential
155,755,git@bitbucket.org:hubscidevteam/hubscience-frontend.git,153,174,gitentialkey
195,4280,ssh://gut@github.com/fila95/HomePot.git,193,1025,Gitential SSH
198,1010,git@github.com:volodymyrss/doc-integral-mm-requirements.git,196,218,drafts
202,1017,ssh://PowerFlowerExamen@vs-ssh.visualstudio.com:22/_ssh/PowerFlower,200,223,flower
204,1019,ssh://git@bitbucket:7999/its/streams.git,202,225,github token
211,1042,ssh://git@github.schibsted.io/scmh/jofogas,209,235,github token
226,1088,ssh://feiyue@git2.impressionpi.com:2233/opt/git2/FingoCommon.git,224,253,gitential
282,1346,git@github.com:EBSCOIS/discover.shared.ebscoviewerservice.git,280,1467,EVS
285,1349,git@github.com:WordPress/WordPress.git,283,317,git@github.com:WordPress/WordPress.git
318,1479,git@bitbucket.org:knightpointsystems/zeus.git,316,351,Gitential
337,1587,ssh://git@gitlab.com:Cliff123/masterthesis.git,335,371,SSH key
346,1599,git@bitbucket.org:dotodayteam/backend.git,344,381,do2
346,1612,git@bitbucket.org:dotodayteam/client.git,344,381,do2
415,1761,git@bitbucket.org:buildium/mobile-android.git,413,450,Gitential
415,1765,git@bitbucket.org:buildium/identity.git,413,450,Gitential
415,1769,git@bitbucket.org:buildium/buildiumerrortracking.git,413,450,Gitential
415,1762,git@bitbucket.org:buildium/payments.git,413,450,Gitential
415,1766,git@bitbucket.org:buildium/buildiumcode.messages.git,413,450,Gitential
415,1759,git@bitbucket.org:buildium/buildiumcode.git,413,450,Gitential
415,1763,git@bitbucket.org:buildium/mobile-ios.git,413,450,Gitential
415,1767,git@bitbucket.org:buildium/apm.net.git,413,450,Gitential
415,1760,git@bitbucket.org:buildium/buildiumstandard.git,413,450,Gitential
415,1764,git@bitbucket.org:buildium/buildium.theme.git,413,450,Gitential
415,1768,git@bitbucket.org:buildium/mobile-api.git,413,450,Gitential
486,1759,git@bitbucket.org:buildium/buildiumcode.git,482,524,bd-bitbucket
585,2342,git@bitbucket.org:legioitalica/lytm.soluzione.git,581,621,Galilman
600,2378,ssh://git@github.com/code-geek-ru/OM-PARTNER.git,596,640,gitential-partners
602,2380,ssh://itmtfs@vs-ssh.visualstudio.com:22/ITM.SD.Galperin/_ssh/sepa-bbs-adapter,597,642,Gitential KEY
602,2384,ssh://itmtfs@vs-ssh.visualstudio.com:22/ITM.SD.Galperin/_ssh/gbs-adapter,597,642,Gitential KEY
602,2388,ssh://itmtfs@vs-ssh.visualstudio.com:22/ITM.SD.Galperin/_ssh/model,597,642,Gitential KEY
602,2392,ssh://itmtfs@vs-ssh.visualstudio.com:22/ITM.SD.Galperin/_ssh/rest-exception-mapper,597,642,Gitential KEY
602,2381,ssh://itmtfs@vs-ssh.visualstudio.com:22/ITM.SD.Galperin/_ssh/accuity-adapter,597,642,Gitential KEY
602,2385,ssh://itmtfs@vs-ssh.visualstudio.com:22/ITM.SD.Galperin/_ssh/integration,597,642,Gitential KEY
602,2389,ssh://itmtfs@vs-ssh.visualstudio.com:22/ITM.SD.Galperin/_ssh/mpts-adapter,597,642,Gitential KEY
602,2393,ssh://itmtfs@vs-ssh.visualstudio.com:22/ITM.SD.Galperin/_ssh/salesup-adapter,597,642,Gitential KEY
602,2382,ssh://itmtfs@vs-ssh.visualstudio.com:22/ITM.SD.Galperin/_ssh/au10tix-adapter,597,642,Gitential KEY
602,2386,ssh://itmtfs@vs-ssh.visualstudio.com:22/ITM.SD.Galperin/_ssh/mambu-adapter,597,642,Gitential KEY
602,2390,ssh://itmtfs@vs-ssh.visualstudio.com:22/ITM.SD.Galperin/_ssh/mpts-client,597,642,Gitential KEY
602,2383,ssh://itmtfs@vs-ssh.visualstudio.com:22/ITM.SD.Galperin/_ssh/cloudformation,597,642,Gitential KEY
602,2387,ssh://itmtfs@vs-ssh.visualstudio.com:22/ITM.SD.Galperin/_ssh/job-scheduler,597,642,Gitential KEY
602,2391,ssh://itmtfs@vs-ssh.visualstudio.com:22/ITM.SD.Galperin/_ssh/oauth-server,597,642,Gitential KEY
711,2984,git@github.com:ForgeCloud/saas-middle-tier.git,706,751,saas Test
711,2985,git@github.com:ForgeCloud/ui-components.git,706,752,uiux1
746,4225,git@github.com:SymetriaSpJ/appium-parallel-es6-es7.git,741,1004,appium-parallel-es6-es7
746,3385,git@github.com:SymetriaSpJ/FitatuApiAuth.git,741,795,gitential-fitatu
746,3389,git@github.com:SymetriaSpJ/FitatuApiPlanner.git,741,799,FitatuApiPlanner
746,4222,git@github.com:SymetriaSpJ/TestSuite.git,741,1001,TestSuite
746,3386,git@github.com:SymetriaSpJ/Vapk.git,741,796,vapk
746,3391,git@github.com:SymetriaSpJ/FitatuBillingBundle.git,741,802,FitatuBillingBundle
746,4223,git@github.com:SymetriaSpJ/FitatuApiPlannerResources.git,741,1002,FitatuApiPlannerResources
746,3387,git@github.com:SymetriaSpJ/FitatuApiClientBundle.git,741,797,FitatuApiClientBundle
746,3390,git@github.com:SymetriaSpJ/FitatuSharedBundle.git,741,803,FitatuSharedBundle
746,4224,git@github.com:SymetriaSpJ/FitatuApiBundle.git,741,1003,FitatuApiBundle
746,3388,git@github.com:SymetriaSpJ/FitatuApiSearchFood.git,741,798,FitatuApiSearchFood
746,3392,git@github.com:SymetriaSpJ/VitaliaPl.git,741,804,vitalia
750,3396,git@github.com:joelmora/fmt-gui-remittance.git,745,809,gitential-ssh-key
805,3727,git@gitlab.com:happylelandercoding/pkaufmann/clarence-house.git,798,875,pkcontract-gitential
805,3724,git@gitlab.com:happylelandercoding/pkaufmann/pkcontract.git,798,875,pkcontract-gitential
805,3728,git@gitlab.com:happylelandercoding/pkaufmann/pkfabrics.git,798,875,pkcontract-gitential
805,3725,git@gitlab.com:happylelandercoding/pkaufmann/common.git,798,875,pkcontract-gitential
805,3726,git@gitlab.com:happylelandercoding/pkaufmann/pklifestyles.git,798,875,pkcontract-gitential
807,3848,git@github.com:aelogica/chaos-app.git,800,879,gitenial
809,3853,git@github.com:cdbtech/every-pig-client.git,802,883,gitential
836,4197,git@bitbucket.org:vagas/vagas_legado.git,829,991,SSH KEY GITENTIAL
836,4196,git@bitbucket.org:vagas/e_parthenon.git,829,991,SSH KEY GITENTIAL
850,3997,git@gitlab.chorus.se:frisq-care/clients/admin-ui.git,843,929,gitlab
850,3998,git@gitlab.chorus.se:frisq-care/backend-services.git,843,929,gitlab
850,3999,git@gitlab.chorus.se:frisq-care/clients/frisq-care-ios.git,843,929,gitlab
850,4000,git@gitlab.chorus.se:frisq-care/clients/frisq-patient-ios.git,843,929,gitlab
852,4001,git@eng-git.canterbury.ac.nz:seng302-2018/team-200.git,845,935,MattSimpson
856,4053,ssh://rt-ds@vs-ssh.visualstudio.com:22/GruntifyV4/_ssh/gruntify-v4-api,849,941,dasdf
856,4054,ssh://rt-ds@vs-ssh.visualstudio.com:22/GruntifyV4/_ssh/gruntify-v4-background-jobs,849,941,dasdf
856,4055,ssh://rt-ds@vs-ssh.visualstudio.com:22/GruntifyV4/_ssh/gruntify-web-v4-prototype,849,941,dasdf
864,4065,git@gitlab.com:kleard/android.git,857,951,KLEARD
864,4066,git@gitlab.com:kleard/web.git,857,951,KLEARD
882,4119,git@git.epam.com:dsny-roku/dsny-roku.git,875,973,git@git.epam.com:dsny-roku/dsny-roku.git
921,4282,ssh://anivi@vs-ssh.visualstudio.com:22/SubstrateWikiRuntimeAzure/_ssh/SubstrateWikiRuntimeAzure,913,1027,griffingit
961,4563,git@github.com:BaristaVentures/sniffle-bookings.git,953,1070,sniffle-bookings
961,4562,git@github.com:BaristaVentures/sniffle-prescriptions.git,953,1070,sniffle-bookings
979,4615,git@git.wrke.in:frontend/wrike-calendar-app.git,971,1090,cal
991,4704,git@github.com:dubizzle/dubizzle.git,983,1105,gitential_dubizzle
991,4705,git@github.com:dubizzle/property-lpv-frontend.git,983,1105,gitential_dubizzle
991,4703,git@git.naspersclassifieds.com:olx/dubizzle/developers/mobile/android/dubizzle-android-gradle.git,983,1104,gitential
991,4706,git@github.com:dubizzle/property-lpv-desktop.git,983,1104,gitential
1009,4804,git@git.crowdstar.com:crowdstar/Space.git,1000,1125,Gitential
1009,4813,git@git.crowdstar.com:crowdstar/inbox-service.git,1000,1125,Gitential
1009,4805,git@git.crowdstar.com:crowdstar/covetfashion_c3.git,1000,1125,Gitential
1009,4814,git@git.crowdstar.com:crowdstar/inbox-client.git,1000,1125,Gitential
1009,4802,git@git.crowdstar.com:crowdstar/Covet_Server.git,1000,1125,Gitential
1009,4811,git@git.crowdstar.com:crowdstar/receipt-validation-service.git,1000,1125,Gitential
1009,4803,git@git.crowdstar.com:crowdstar/home-server.git,1000,1125,Gitential
1009,4812,git@git.crowdstar.com:crowdstar/home-cms.git,1000,1125,Gitential
1012,4815,git@bitbucket.org:davidgovea/firstsight.git,1003,1130,test2
1031,4877,ssh://git@bitbucket.org/ConsoleAU/console2-propertymanagerapp.git,1022,1149,ConsoleAU
1031,4881,ssh://git@bitbucket.org/ConsoleAU/console2-common-elasticsearch.git,1022,1149,ConsoleAU
1031,4885,ssh://git@bitbucket.org/ConsoleAU/console2-datasanity.git,1022,1149,ConsoleAU
1031,4889,ssh://git@bitbucket.org/ConsoleAU/console2-inspection-api.git,1022,1149,ConsoleAU
1031,4893,ssh://git@bitbucket.org/ConsoleAU/console2-migration-api.git,1022,1149,ConsoleAU
1031,4897,ssh://git@bitbucket.org/ConsoleAU/console2-office-api.git,1022,1149,ConsoleAU
1031,4901,ssh://git@bitbucket.org/ConsoleAU/console2-poc-activitystream-api.git,1022,1149,ConsoleAU
1031,4905,ssh://git@bitbucket.org/ConsoleAU/console2-router-api.git,1022,1149,ConsoleAU
1031,4909,ssh://git@bitbucket.org/ConsoleAU/console2-sms-api.git,1022,1149,ConsoleAU
1031,4913,ssh://git@bitbucket.org/ConsoleAU/console2-tenantapp.git,1022,1149,ConsoleAU
1031,4861,ssh://git@bitbucket.org/ConsoleAU/console2-accounting-api.git,1022,1149,ConsoleAU
1031,4865,ssh://git@bitbucket.org/ConsoleAU/console2-activity-api.git,1022,1149,ConsoleAU
1031,4869,ssh://git@bitbucket.org/ConsoleAU/console2-caching-utils.git,1022,1149,ConsoleAU
1031,4873,ssh://git@bitbucket.org/ConsoleAU/console2-email-api.git,1022,1149,ConsoleAU
1031,4874,ssh://git@bitbucket.org/ConsoleAU/console2-document-api.git,1022,1149,ConsoleAU
1031,4878,ssh://git@bitbucket.org/ConsoleAU/console2-propertymanagerapp-bff.git,1022,1149,ConsoleAU
1031,4882,ssh://git@bitbucket.org/ConsoleAU/console2-common-functional.git,1022,1149,ConsoleAU
1031,4886,ssh://git@bitbucket.org/ConsoleAU/console2-dissection-api.git,1022,1149,ConsoleAU
1031,4890,ssh://git@bitbucket.org/ConsoleAU/console2-landlord-web.git,1022,1149,ConsoleAU
1031,4894,ssh://git@bitbucket.org/ConsoleAU/console2-migration-web.git,1022,1149,ConsoleAU
1031,4898,ssh://git@bitbucket.org/ConsoleAU/console2-onboarding-api.git,1022,1149,ConsoleAU
1031,4902,ssh://git@bitbucket.org/ConsoleAU/console2-portfolio-api.git,1022,1149,ConsoleAU
1031,4906,ssh://git@bitbucket.org/ConsoleAU/console2-sales-api.git,1022,1149,ConsoleAU
1031,4910,ssh://git@bitbucket.org/ConsoleAU/console2-storage-api.git,1022,1149,ConsoleAU
1031,4914,ssh://git@bitbucket.org/ConsoleAU/console2-tenantapp-bff.git,1022,1149,ConsoleAU
1031,4862,ssh://git@bitbucket.org/ConsoleAU/console2-auth-api.git,1022,1149,ConsoleAU
1031,4866,ssh://git@bitbucket.org/ConsoleAU/console2-address-api.git,1022,1149,ConsoleAU
1031,4870,ssh://git@bitbucket.org/ConsoleAU/console2-cleanup.git,1022,1149,ConsoleAU
1031,4875,ssh://git@bitbucket.org/ConsoleAU/console2-process-engine.git,1022,1149,ConsoleAU
1031,4879,ssh://git@bitbucket.org/ConsoleAU/console2-agreement-api.git,1022,1149,ConsoleAU
1031,4883,ssh://git@bitbucket.org/ConsoleAU/console2-cookiecutters.git,1022,1149,ConsoleAU
1031,4887,ssh://git@bitbucket.org/ConsoleAU/console2-fee-api.git,1022,1149,ConsoleAU
1031,4891,ssh://git@bitbucket.org/ConsoleAU/console2-lease-renewal-process-api.git,1022,1149,ConsoleAU
1031,4895,ssh://git@bitbucket.org/ConsoleAU/console2-note-api.git,1022,1149,ConsoleAU
1031,4899,ssh://git@bitbucket.org/ConsoleAU/console2-onboarding-poc.git,1022,1149,ConsoleAU
1031,4903,ssh://git@bitbucket.org/ConsoleAU/console2-receipting-api.git,1022,1149,ConsoleAU
1031,4907,ssh://git@bitbucket.org/ConsoleAU/console2-search-api.git,1022,1149,ConsoleAU
1031,4911,ssh://git@bitbucket.org/ConsoleAU/console2-supplierapp.git,1022,1149,ConsoleAU
1031,4863,ssh://git@bitbucket.org/ConsoleAU/console2-contact-api.git,1022,1149,ConsoleAU
1031,4867,ssh://git@bitbucket.org/ConsoleAU/console2-bank-account-api.git,1022,1149,ConsoleAU
1031,4871,ssh://git@bitbucket.org/ConsoleAU/console2-common-api-framework.git,1022,1149,ConsoleAU
1031,4876,ssh://git@bitbucket.org/ConsoleAU/console2-property-api.git,1022,1149,ConsoleAU
1031,4880,ssh://git@bitbucket.org/ConsoleAU/console2-audit-poc.git,1022,1149,ConsoleAU
1031,4884,ssh://git@bitbucket.org/ConsoleAU/console2-data-gen-tool.git,1022,1149,ConsoleAU
1031,4888,ssh://git@bitbucket.org/ConsoleAU/console2-form-api.git,1022,1149,ConsoleAU
1031,4892,ssh://git@bitbucket.org/ConsoleAU/console2-maintenance-api.git,1022,1149,ConsoleAU
1031,4896,ssh://git@bitbucket.org/ConsoleAU/console2-notification-api.git,1022,1149,ConsoleAU
1031,4900,ssh://git@bitbucket.org/ConsoleAU/console2-payment-gateway-api.git,1022,1149,ConsoleAU
1031,4904,ssh://git@bitbucket.org/ConsoleAU/console2-reporting-api.git,1022,1149,ConsoleAU
1031,4908,ssh://git@bitbucket.org/ConsoleAU/console2-search-stream.git,1022,1149,ConsoleAU
1031,4912,ssh://git@bitbucket.org/ConsoleAU/console2-supplierapp-bff.git,1022,1149,ConsoleAU
1031,4860,ssh://git@bitbucket.org/ConsoleAU/console2-web.git,1022,1149,ConsoleAU
1031,4864,ssh://git@bitbucket.org/ConsoleAU/console2-accounts-web.git,1022,1149,ConsoleAU
1031,4868,ssh://git@bitbucket.org/ConsoleAU/console2-bpay-api.git,1022,1149,ConsoleAU
1031,4872,ssh://git@bitbucket.org/ConsoleAU/console2-creditor-api.git,1022,1149,ConsoleAU
1057,5033,ssh://git@stash.compeople.eu:7999/dv/de.dv.ui.portal.git,1046,1176,gitential
1063,5070,ssh://git@gitlab.com:Stasinevich/homsters.git,1052,1184,homsters
1086,5574,git@github.com:ZTechInc/Zerv-Web.git,1074,1208,test
1086,5579,git@bitbucket.org:samsingh/zervport-api.git,1074,1210,zerv
1086,5575,git@github.com:ZTechInc/Zerv-Mobile.git,1074,1208,test
1086,5580,git@bitbucket.org:samsingh/zerv-web.git,1074,1210,zerv
1086,5576,git@github.com:ZTechInc/ZervPort-API.git,1074,1208,test
1086,5581,git@bitbucket.org:samsingh/zerv-mobile.git,1074,1210,zerv
1086,5577,git@github.com:ZTechInc/Zerv-API.git,1074,1208,test
1086,5582,git@bitbucket.org:samsingh/zerv-api.git,1074,1210,zerv
1101,5625,git@github.com:HealthScapeAdvisors/DataMigrationLibraryCore.git,1089,1224,Pareto_keys
1101,5629,git@github.com:HealthScapeAdvisors/MAScoringServer.git,1089,1224,Pareto_keys
1101,5633,git@github.com:HealthScapeAdvisors/ParetoProfiles.git,1089,1224,Pareto_keys
1101,5652,git@github.com:HealthScapeAdvisors/HSAStaffing.git,1089,1224,Pareto_keys
1101,5656,git@github.com:HealthScapeAdvisors/TargetListUI.git,1089,1224,Pareto_keys
1101,5660,git@github.com:HealthScapeAdvisors/EngageDirectAddress.git,1089,1224,Pareto_keys
1101,5613,git@github.com:HealthScapeAdvisors/PipelineDataWriter.git,1089,1224,Pareto_keys
1101,5617,git@github.com:HealthScapeAdvisors/CatalogManager.git,1089,1224,Pareto_keys
1101,5621,git@github.com:HealthScapeAdvisors/DataTransformation.git,1089,1224,Pareto_keys
1101,5626,git@github.com:HealthScapeAdvisors/DataDeIdentification.git,1089,1224,Pareto_keys
1101,5630,git@github.com:HealthScapeAdvisors/ACAScoringServer.git,1089,1224,Pareto_keys
1101,5634,git@github.com:HealthScapeAdvisors/ParetoClient.git,1089,1224,Pareto_keys
1101,5653,git@github.com:HealthScapeAdvisors/ExcelParser.git,1089,1224,Pareto_keys
1101,5657,git@github.com:HealthScapeAdvisors/SparkProfileCrawler.git,1089,1224,Pareto_keys
1101,5661,git@github.com:HealthScapeAdvisors/SparkStarter.git,1089,1224,Pareto_keys
1101,5614,git@github.com:HealthScapeAdvisors/KeystoneUI.git,1089,1224,Pareto_keys
1101,5618,git@github.com:HealthScapeAdvisors/DataProfiler.git,1089,1224,Pareto_keys
1101,5622,git@github.com:HealthScapeAdvisors/PipelineDataMonitor.git,1089,1224,Pareto_keys
1101,5623,git@github.com:HealthScapeAdvisors/CCDAParser.git,1089,1224,Pareto_keys
1101,5627,git@github.com:HealthScapeAdvisors/MSPVServer.git,1089,1224,Pareto_keys
1101,5631,git@github.com:HealthScapeAdvisors/ParetoCustomReportsWebAPI.git,1089,1224,Pareto_keys
1101,5639,git@github.com:HealthScapeAdvisors/EngageServer.git,1089,1224,Pareto_keys
1101,5654,git@github.com:HealthScapeAdvisors/EngageTargetList.git,1089,1224,Pareto_keys
1101,5658,git@github.com:HealthScapeAdvisors/WebMonitor.git,1089,1224,Pareto_keys
1101,5662,git@github.com:HealthScapeAdvisors/PipelineDataQuality.git,1089,1224,Pareto_keys
1101,5615,git@github.com:HealthScapeAdvisors/PipelineLibrary.git,1089,1224,Pareto_keys
1101,5619,git@github.com:HealthScapeAdvisors/ResourceClassification.git,1089,1224,Pareto_keys
1101,5624,git@github.com:HealthScapeAdvisors/DataPipelineUI.git,1089,1224,Pareto_keys
1101,5628,git@github.com:HealthScapeAdvisors/MSPValidation.git,1089,1224,Pareto_keys
1101,5632,git@github.com:HealthScapeAdvisors/ParetoUtils.git,1089,1224,Pareto_keys
1101,5651,git@github.com:HealthScapeAdvisors/HSAStaffingSys.git,1089,1224,Pareto_keys
1101,5655,git@github.com:HealthScapeAdvisors/TargetListAPI.git,1089,1224,Pareto_keys
1101,5659,git@github.com:HealthScapeAdvisors/AWSLibrary.git,1089,1224,Pareto_keys
1101,5616,git@github.com:HealthScapeAdvisors/PipelineDataManager.git,1089,1224,Pareto_keys
1101,5620,git@github.com:HealthScapeAdvisors/PipelineDataIngestion.git,1089,1224,Pareto_keys
1139,5943,ssh://git@github.com:ionq/ionq-cloud.git,1126,1262,ionq
1160,6096,ssh://root@devapi.feedmeonline.co.uk/var/www/git/accounts.git,1146,1283,ap
1160,6100,ssh://root@devapi.feedmeonline.co.uk/var/www/git/takeawayapp.git,1146,1283,ap
1160,6104,ssh://root@devapi.feedmeonline.co.uk/var/www/git/website-template.git,1146,1283,ap
1160,6108,ssh://root@devapi.feedmeonline.co.uk/src/fmoapp.git,1146,1283,ap
1160,6097,ssh://root@devapi.feedmeonline.co.uk/var/www/git/api.git,1146,1283,ap
1160,6101,git@51.15.223.128:/src/takeawayapp.git,1146,1283,ap
1160,6105,ssh://root@devapi.feedmeonline.co.uk/var/www/git/ap-manager.git,1146,1283,ap
1160,6109,ssh://root@devapi.feedmeonline.co.uk/src/takeawayapp.git,1146,1283,ap
1160,6098,ssh://root@devapi.feedmeonline.co.uk/var/www/git/fmo-app.git,1146,1283,ap
1160,6102,ssh://root@51.15.223.128:/src/fmoapp.git,1146,1283,ap
1160,6106,ssh://root@devapi.feedmeonline.co.uk/var/www/git/fmo-site.git,1146,1283,ap
1160,6110,ssh://root@devapi.feedmeonline.co.uk/var/www/git/admin.git,1146,1283,ap
1160,6099,ssh://root@devapi.feedmeonline.co.uk/var/www/git/fmo-website.git,1146,1283,ap
1160,6103,ssh://root@devapi.feedmeonline.co.uk/var/www/git/financial-reports.git,1146,1283,ap
1160,6107,ssh://root@devapi.feedmeonline.co.uk/var/www/git/fmoapp.git,1146,1283,ap
1175,6150,git@gitlab.baltic-amadeus.lt:r/konferencijos.git,1161,1300,studentai
1175,6155,ssh://git@gitlab.baltic-amadeus.lt:r/retro360.git,1161,1300,studentai
1175,6156,ssh://git@gitlab.baltic-amadeus.lt:r/konferencijos.git,1161,1300,studentai
1175,6149,git@gitlab.baltic-amadeus.lt:r/retro360.git,1161,1300,studentai
1223,6388,ssh://raja@git-codecommit.ap-south-1.amazonaws.com/v1/repos/widgets,1208,1349,aws-raja
1225,6398,git@git.mpib-berlin.mpg.de:castellum/castellum.git,1210,1352,gitential
1242,6516,git@git.appzio.com:actions/actionMitems.git,1226,1376,Gitlab
1242,6961,ssh://git@git.appzio.com:actions/php-library-2.git,1226,1376,Gitlab
1242,7403,git@git.appzio.com:actions/officernd.git,1226,1376,Gitlab
1242,6512,git@git.appzio.com:actions/mintro.git,1226,1376,Gitlab
1242,6517,git@git.appzio.com:actions/action-mgdpr.git,1226,1376,Gitlab
1242,6962,git@git.appzio.com:actions/php-library-2.git,1226,1376,Gitlab
1242,11883,git@git.appzio.com:appzio/parkme.git,1226,1376,Gitlab
1242,6513,git@git.appzio.com:actions/mregister.git,1226,1376,Gitlab
1242,6514,git@git.appzio.com:actions/actionmobileappsettings.git,1226,1376,Gitlab
1242,6615,git@git.appzio.com:appzio/appzioUI.git,1226,1376,Gitlab
1242,7401,git@git.appzio.com:private-themes/xwhy.git,1226,1376,Gitlab
1242,11884,git@git.appzio.com:timo/parkme-unittests.git,1226,1376,Gitlab
1242,6510,git@git.appzio.com:appziodevelopers/docker-internal.git,1226,1376,Gitlab
1242,6515,git@git.appzio.com:actions/action-actionmlogin.git,1226,1376,Gitlab
1242,6960,git@git.appzio.com:actions/php-llibrary-2.git,1226,1376,Gitlab
1242,7402,git@git.appzio.com:actions/php-library-3.git,1226,1376,Gitlab
1242,12323,git@git.appzio.com:appzio/theme-parkme.git,1226,1376,Gitlab
1242,6511,git@git.appzio.com:private-themes/linku.git,1226,1376,Gitlab
1243,6504,git@github.com:TravelMedia/travel-data.git,1227,1371,TravelMedia
1243,6508,git@github.com:TravelMedia/aws-tools.git,1227,1371,TravelMedia
1243,6501,git@github.com:TravelMedia/TravelAds.git,1227,1371,TravelMedia
1243,6505,git@github.com:TravelMedia/Analytics.git,1227,1371,TravelMedia
1243,6502,git@github.com:TravelMedia/go-TravelMedia.git,1227,1371,TravelMedia
1243,6506,git@github.com:TravelMedia/changeset-loader.git,1227,1371,TravelMedia
1243,6503,git@github.com:TravelMedia/Travel.DBs.git,1227,1371,TravelMedia
1243,6507,git@github.com:TravelMedia/cloudformation.git,1227,1371,TravelMedia
1245,6509,git@github.com:LoungeBuddy/LBBooking.git,1229,1375,Gitential
1267,6963,ssh://cskang@git2.miridih.com:7990,1251,1401,gitential
1267,6964,ssh://git@git2.miridih.com:7999/api/pre-flight.git,1251,1401,gitential
1267,6965,ssh://git@git2.miridih.com:7999/miriweb/web-java.git,1251,1401,gitential
1275,6649,git@gitlab.com:esteban.eid/yasta.git,1258,1409,Gitential
1275,7412,git@gitlab.com:esteban.eid/egaz-android.git,1258,1409,Gitential
1275,6650,git@gitlab.com:esteban.eid/UltraCreditos.git,1258,1409,Gitential
1275,7413,git@gitlab.com:esteban.eid/egaz.git,1258,1409,Gitential
1275,6651,git@gitlab.com:esteban.eid/UltraCreditosApp.git,1258,1409,Gitential
1275,7414,git@gitlab.com:esteban.eid/convertisseur.git,1258,1409,Gitential
1275,6648,git@gitlab.com:esteban.eid/JardinDeCasasV2.git,1258,1409,Gitential
1275,7411,git@gitlab.com:esteban.eid/econv-android.git,1258,1409,Gitential
1281,6678,git@gitlab.com:homi/react-native.git,1264,1416,Gitlab-dupe
1281,6680,git@gitlab.com:homi/web-ui.git,1264,1416,Gitlab-dupe
1281,6679,git@gitlab.com:homi/rest-backend.git,1264,1416,Gitlab-dupe
1295,6937,ssh://git@gitlab.com:deasil/pp.git,1276,1429,gitential
1295,6938,git@gitlab.com:deasil/pp.git,1276,1429,gitential
1323,7013,git@github.com:shiftio/drive-web.git,1304,1460,Gitential
1327,7212,ssh://git@github.com:Adikteev/audience.git,1308,1466,gitential
1359,7408,ssh://git@github.com:Helical-Levity/tomahawque-app.git,1339,1500,Gitential Magnetic Rock
1359,7409,git@github.com:Helical-Levity/slim-skeleton.git,1339,1500,Gitential Magnetic Rock
1359,7410,git@github.com:Helical-Levity/tomahawque-app.git,1339,1500,Gitential Magnetic Rock
1359,7407,ssh://git@github.com:Helical-Levity/slim-skeleton.git,1339,1500,Gitential Magnetic Rock
1383,7676,usgpeople@vs-ssh.visualstudio.com:v3/usgpeople/DaVinci/DaVinci,1363,1528,Hoi
1383,7674,usgpeople@vs-ssh.visualstudio.com:v3/usgpeople/DaVinci/DaVinci-FrontEnd,1363,1528,Hoi
1392,7774,git@gitlab.com:ada-chem/ada_peripherals_private.git,1372,1539,GitLab
1398,7781,git clone git@bitbucket.org:saverix86/mobile_artists.git,1378,1546,gitential
1398,7783,ssh://git@bitbucket.org:saverix86/mobile_artists.git,1378,1546,gitential
1470,8276,ssh://git@github.com/w1zeman1p/pantydrop,1450,1622,gitenial
1520,8762,git@gitlab.nekotal.tech:modules/input.git,1497,1675,Test Gitlab
1526,8777,git@gitlab.com:pinocks/indian-civil-service-academy/indian-civil-service-learning-android-app.git,1503,1682,test
1526,8781,git@gitlab.com:pinocks/khalk-kafo/khalk-kafo-volunteer-ios.git,1503,1682,test
1526,8778,git@gitlab.com:pinocks/sllize-admin-panel.git,1503,1682,test
1526,8782,git@gitlab.com:pinocks/ultimate_solution/uspmc-android.git,1503,1682,test
1526,8775,git@gitlab.com:pinocks/carvvu/carvvu-backend-django.git,1503,1682,test
1526,8779,git@gitlab.com:pinocks/carvvu/carvvu-frontend-angular.git,1503,1682,test
1526,8776,git@gitlab.com:pinocks/indian-civil-service-academy/indian-civil-service-academy-backend.git,1503,1682,test
1526,8780,git@gitlab.com:pinocks/khalk-kafo/khalk-kafo-web.git,1503,1682,test
1534,9054,git@dev.getphoto.io:fotograf-de/core.git,1510,1690,Gitential
1555,9107,git@bitbucket.org:shockoe/brandx-native-android.git,1531,1713,bitbucket-test
1555,9106,git@bitbucket.org:shockoe/brandx-native-ios.git,1531,1713,bitbucket-test
1566,9134,git@bitbucket.org:medlanes/node_payment_service.git,1542,1725,gitential
1566,9130,git@bitbucket.org:medlanes/node_router.git,1542,1725,gitential
1566,9135,git@bitbucket.org:medlanes/ios4app.git,1542,1725,gitential
1566,9127,ssh://git@bitbucket.org:medlanes/node_account_service.git,1542,1725,gitential
1566,9131,git@bitbucket.org:medlanes/medlanes_crm.git,1542,1725,gitential
1566,9132,git@bitbucket.org:medlanes/med-digi-doc.git,1542,1725,gitential
1566,9136,git@bitbucket.org:medlanes/androidapp.git,1542,1725,gitential
1566,9128,git@bitbucket.org:medlanes/node_account_service.git,1542,1725,gitential
1566,9133,git@bitbucket.org:medlanes/ui_platform.git,1542,1725,gitential
1566,9137,git@bitbucket.org:medlanes/call-service.git,1542,1725,gitential
1566,9129,git@bitbucket.org:medlanes/backend.git,1542,1725,gitential
1602,9348,git@bitbucket.org:luizfelipecl/apmt.git,1578,1776,APM
1615,9410,git@git.neruxvace.net:Exceptionflug/minecraft-suro.git,1589,1778,gitlab
1620,9417,ssh://git@github.com:Jayco-Design/Fergus.git,1594,1785,Gitential-Fergus-Key
1620,9418,ssh://git@github.com/Jayco-Design/Fergus.git,1594,1785,Gitential-Fergus-Key
1629,9996,git@github.com:th3happybit/MCS--Company-Software.git,1603,1862,thehappybit
1629,9995,git@github.com:akram09/Elbess.git,1603,1862,thehappybit
1673,9744,git@github.com:wsh32/psychic.git,1645,1840,test
1673,9751,git@git.assembla.com:mengineering/NV200.Gen2_LLC.git,1645,1840,test
1674,9746,git@github.com:skafandri/singular-ev-backend.git,1646,1842,Github
1751,10500,workplacedynamics@vs-ssh.visualstudio.com:v3/workplacedynamics/WPD/Helium,1722,1934,Helium
1761,10548,ssh://git@gitlab.jibsoft.co.th:10022/jib/user-service.git,1732,2084,gitential
1761,10551,ssh://git@gitlab.jibsoft.co.th:10022/jib/gateway-api.git,1732,2084,gitential
1761,11422,ssh://git@gitlab.jibsoft.co.th:10022/jib/cimb-preferred-frontend-mobile.git,1732,2084,gitential
1761,10981,ssh://git@gitlab.jibsoft.co.th:10022/jib/inventory-service.git,1732,2084,gitential
1761,10549,ssh://git@gitlab.jibsoft.co.th:10022/jib/jess-web.git,1732,2084,gitential
1761,11421,ssh://git@gitlab.jibsoft.co.th:10022/jib/cimb_preferred_api.git,1732,2084,gitential
1761,10546,ssh://git@gitlab.jibsoft.co.th:10022/jib/purchase-service.git,1732,2084,gitential
1761,10984,ssh://git@gitlab.jibsoft.co.th:10022/jib/jess-common.git,1732,2084,gitential
1761,10982,ssh://git@gitlab.jibsoft.co.th:10022/jib/tools-service.git,1732,2084,gitential
1761,10547,ssh://git@gitlab.jibsoft.co.th:10022/jib/product-service.git,1732,2084,gitential
1761,10550,ssh://git@gitlab.jibsoft.co.th:10022/jib/authorization-service.git,1732,2084,gitential
1761,10983,ssh://git@gitlab.jibsoft.co.th:10022/jib/configuration-service.git,1732,2084,gitential
1764,10557,ssh://git@bitbucket.org:scopear/unityrar2.git,1735,1949,Gitential
1764,10558,git@bitbucket.org:scopear/unityrar2.git,1735,1949,Gitential
1793,10805,git@172.16.19.122:desarrollo-contactar/financial-wcf.git,1763,1982,fin
1814,10991,ssh://git@gitlabx.moveplushub.com:10022/farmhouse/smartdc-rails.git,1782,2009,gitlabx
1814,10992,ssh://git@gitlabx.moveplushub.com:10022/farmhouse/smartdc-react.git,1782,2009,gitlabx
1817,10996,git@gitlab.com:911response24/response24-firebase-functions.git,1785,2014,R24
1817,11000,git@gitlab.com:911response24/response24-devices-webapp.git,1785,2014,R24
1817,10997,git@gitlab.com:911response24/respionse24-ionic4-mobile-application.git,1785,2014,R24
1817,10998,git@gitlab.com:911response24/response24-devices-functions.git,1785,2014,R24
1817,10995,git@gitlab.com:911response24/response24-angular-web-portal.git,1785,2014,R24
1817,10999,git@gitlab.com:911response24/response24-devices-linux.git,1785,2014,R24
1818,10995,git@gitlab.com:911response24/response24-angular-web-portal.git,1786,2016,Key1
1871,11392,git@stuff.uniweb.ua:spot2d/spot2d.git,1839,2075,main3
1876,11420,ssh://git@bitbucket.org:teamhelium/com.helium.go-annual.client.git,1844,2083,Bitbucket
1876,11419,git@bitbucket.org:teamhelium/com.helium.go-annual.client.git,1844,2083,Bitbucket
1891,11501,git@gitlab.cs.unh.edu:cmo1008/edu.unh.cs.cs919_2019_f_project2.teamalpha.git,1858,2103,nmw1023@wildcats.unh.edu
1891,11502,ssh://git@gitlab.cs.unh.edu:cmo1008/edu.unh.cs.cs919_2019_f_project2.teamalpha.git,1858,2103,nmw1023@wildcats.unh.edu
1891,11503,gitlab.cs.unh.edu/cmo1008/edu.unh.cs.cs919_2019_f_project2.teamalpha.git,1858,2103,nmw1023@wildcats.unh.edu
1894,10997,git@gitlab.com:911response24/respionse24-ionic4-mobile-application.git,1861,2107,GitentialKey
1894,10995,git@gitlab.com:911response24/response24-angular-web-portal.git,1861,2107,GitentialKey
1894,10996,git@gitlab.com:911response24/response24-firebase-functions.git,1861,2107,GitentialKey
2019,12333,git@gitlab.com:itu-auv/electronics/mainboard-firmware.git,1982,2242,auv
2031,12475,ssh://git@gitlab.com:findem/scrapers_ETL.git,1992,2260,Gitlab
2033,12477,git@github.com:kehe/sales-order-microservice.git,1994,2262,Gitential
2047,15451,git@github.com:pcooley,2008,2287,new-github
2047,15450,ssh://git@github.com:pcooley/imprev.git,2008,2287,new-github
2175,17197,git@github.com:1-800Accountant/sso-web.git,2129,3092,Gitential
2175,18692,git@bitbucket.org:cogitech/stampinup-hr.git,2129,3092,Gitential
2175,19045,ssh://git@bitbucket.org:cogitech/tech9-company-portal.git,2129,3310,Bitbucket
2175,17193,git@github.com:1-800Accountant/admin-web.git,2129,3092,Gitential
2175,17198,git@github.com:1-800Accountant/clientbooks-mobile.git,2129,3092,Gitential
2175,17190,git@github.com:factaio/facta.git,2129,3092,Gitential
2175,17194,git@github.com:1-800Accountant/ops.git,2129,3092,Gitential
2175,17195,git@github.com:1-800Accountant/qa-automation.git,2129,3092,Gitential
2175,18487,git@github.com:jgifford78/stayinghomeclub.git,2129,3092,Gitential
2175,18685,git@github.com:hewett-learning/hewett-learning-app.git,2309,3269,Teleport
2175,17191,git@github.com:1-800Accountant/api.git,2129,3092,Gitential
2175,17196,git@github.com:1-800Accountant/clientbooks-web.git,2129,3092,Gitential
2175,18691,ssh://git@bitbucket.org:cogitech/stampinup-hr.git,2129,3092,Gitential
2175,17192,git@github.com:1-800Accountant/next-web.git,2129,3092,Gitential
2287,17467,ssh://git@github.com:Lukkian/Eleicoes.git,2178,3129,gitentialkey
2287,17468,git@github.com:Lukkian/Eleicoes.git,2178,3129,gitentialkey
2311,17674,git@gitlab.mateus:catchup/catchup-rest-noticias.git,2201,3154,Self-hosted Gitlab
2324,17823,git@github.com:kucira/anabul-nextjs.git,2214,3172,gitential.com
2324,17824,git@github.com:kucira/parse-sever-anabul.git,2214,3172,gitential.com
2324,17912,git@github.com:kucira/Hanimalo.git,2214,3172,gitential.com
2324,17913,git@github.com:kucira/hanimalo-doctor.git,2214,3172,gitential.com
2357,18403,git@github.com:benbal87/photo-album-organizer.git,2246,3256,gitental-prod
2358,18151,ssh://git@161.35.4.199:gitlab-instance-988a8adf/projeto-ansible.git,2247,3217,ssh-gitlab
2358,18155,git@161.35.4.199:teste-gitential/balanceador.git,2247,3217,ssh-gitlab
2358,18152,ssh://git@161.35.4.199:gitlab-instance-988a8adf/rancher-gitlab.git,2247,3217,ssh-gitlab
2358,18153,git@161.35.4.199:gitlab-instance-988a8adf/rancher-gitlab.git,2247,3217,ssh-gitlab
2358,18154,git@161.35.4.199:gitlab-instance-988a8adf/gmcore.git,2247,3217,ssh-gitlab
2446,18699,git@github.com:creepteks/davaa.git,2325,3290,gitential
